{
  "id": "3484835",
  "name": "BAOUI",
  "font_family": "baouiicon",
  "css_prefix_text": "baoui-",
  "description": "",
  "glyphs": [
    {
      "icon_id": "1304890",
      "name": "搜索",
      "font_class": "search",
      "unicode": "e666",
      "unicode_decimal": 58982
    },
    {
      "icon_id": "5732757",
      "name": "搜索变小",
      "font_class": "suoxiao",
      "unicode": "e667",
      "unicode_decimal": 58983
    },
    {
      "icon_id": "5732758",
      "name": "搜索放大",
      "font_class": "fangda",
      "unicode": "e668",
      "unicode_decimal": 58984
    },
    {
      "icon_id": "12990670",
      "name": "版权-块",
      "font_class": "copyright-full2",
      "unicode": "e664",
      "unicode_decimal": 58980
    },
    {
      "icon_id": "12990672",
      "name": "版权-线",
      "font_class": "copyright2",
      "unicode": "e665",
      "unicode_decimal": 58981
    },
    {
      "icon_id": "19450632",
      "name": "版权",
      "font_class": "copyright",
      "unicode": "e663",
      "unicode_decimal": 58979
    },
    {
      "icon_id": "19450634",
      "name": "版权",
      "font_class": "copyright-full",
      "unicode": "e662",
      "unicode_decimal": 58978
    },
    {
      "icon_id": "700827",
      "name": "菜单",
      "font_class": "menu",
      "unicode": "e655",
      "unicode_decimal": 58965
    },
    {
      "icon_id": "700846",
      "name": "实心菜单",
      "font_class": "menu-full",
      "unicode": "e656",
      "unicode_decimal": 58966
    },
    {
      "icon_id": "1330918",
      "name": "菜单",
      "font_class": "menu-full2",
      "unicode": "e658",
      "unicode_decimal": 58968
    },
    {
      "icon_id": "1817792",
      "name": "菜单",
      "font_class": "menu6",
      "unicode": "e65d",
      "unicode_decimal": 58973
    },
    {
      "icon_id": "3232546",
      "name": "023菜单",
      "font_class": "menu2",
      "unicode": "e657",
      "unicode_decimal": 58967
    },
    {
      "icon_id": "7058682",
      "name": "菜单_off",
      "font_class": "menu-off",
      "unicode": "e65f",
      "unicode_decimal": 58975
    },
    {
      "icon_id": "7058805",
      "name": "菜单_open",
      "font_class": "menu-on",
      "unicode": "e65e",
      "unicode_decimal": 58974
    },
    {
      "icon_id": "7587933",
      "name": "菜单",
      "font_class": "menu3",
      "unicode": "e659",
      "unicode_decimal": 58969
    },
    {
      "icon_id": "9441410",
      "name": "系统-菜单管理",
      "font_class": "menu-full3",
      "unicode": "e65a",
      "unicode_decimal": 58970
    },
    {
      "icon_id": "10156124",
      "name": "菜单",
      "font_class": "menu5",
      "unicode": "e65c",
      "unicode_decimal": 58972
    },
    {
      "icon_id": "16942389",
      "name": "菜单",
      "font_class": "menu4",
      "unicode": "e65b",
      "unicode_decimal": 58971
    },
    {
      "icon_id": "29522589",
      "name": "10G菜单开启",
      "font_class": "menu-on2",
      "unicode": "e660",
      "unicode_decimal": 58976
    },
    {
      "icon_id": "29522598",
      "name": "10H菜单关闭",
      "font_class": "menu-off2",
      "unicode": "e661",
      "unicode_decimal": 58977
    },
    {
      "icon_id": "3868273",
      "name": "警告",
      "font_class": "warning",
      "unicode": "e64e",
      "unicode_decimal": 58958
    },
    {
      "icon_id": "4266166",
      "name": "警告",
      "font_class": "warning4",
      "unicode": "e654",
      "unicode_decimal": 58964
    },
    {
      "icon_id": "5982568",
      "name": "告警实心",
      "font_class": "warning-full",
      "unicode": "e64f",
      "unicode_decimal": 58959
    },
    {
      "icon_id": "18176278",
      "name": "叹号,警告",
      "font_class": "warning-full3",
      "unicode": "e652",
      "unicode_decimal": 58962
    },
    {
      "icon_id": "18176279",
      "name": "叹号,警告",
      "font_class": "warning3",
      "unicode": "e653",
      "unicode_decimal": 58963
    },
    {
      "icon_id": "18176288",
      "name": "叹号,警告,危险",
      "font_class": "warning2",
      "unicode": "e650",
      "unicode_decimal": 58960
    },
    {
      "icon_id": "18176289",
      "name": "叹号,警告,危险",
      "font_class": "warning-full2",
      "unicode": "e651",
      "unicode_decimal": 58961
    },
    {
      "icon_id": "418320",
      "name": "勾勾",
      "font_class": "gou4",
      "unicode": "e645",
      "unicode_decimal": 58949
    },
    {
      "icon_id": "782338",
      "name": "勾",
      "font_class": "gou3",
      "unicode": "e644",
      "unicode_decimal": 58948
    },
    {
      "icon_id": "1215554",
      "name": "勾",
      "font_class": "gou7",
      "unicode": "e648",
      "unicode_decimal": 58952
    },
    {
      "icon_id": "2076374",
      "name": "对勾小",
      "font_class": "gou-full",
      "unicode": "e642",
      "unicode_decimal": 58946
    },
    {
      "icon_id": "2674480",
      "name": "对勾",
      "font_class": "gou",
      "unicode": "e641",
      "unicode_decimal": 58945
    },
    {
      "icon_id": "2716513",
      "name": "已勾选32",
      "font_class": "check",
      "unicode": "e64b",
      "unicode_decimal": 58955
    },
    {
      "icon_id": "2716516",
      "name": "未勾选32",
      "font_class": "uncheck",
      "unicode": "e64d",
      "unicode_decimal": 58957
    },
    {
      "icon_id": "6129119",
      "name": "84勾选-右下角勾选",
      "font_class": "check-nook",
      "unicode": "e649",
      "unicode_decimal": 58953
    },
    {
      "icon_id": "7163257",
      "name": "x_选中",
      "font_class": "gou5",
      "unicode": "e646",
      "unicode_decimal": 58950
    },
    {
      "icon_id": "7404458",
      "name": "打勾",
      "font_class": "check-full",
      "unicode": "e64a",
      "unicode_decimal": 58954
    },
    {
      "icon_id": "19463401",
      "name": "完成 勾选 选中",
      "font_class": "check2",
      "unicode": "e64c",
      "unicode_decimal": 58956
    },
    {
      "icon_id": "20009142",
      "name": "checkcircle圆勾",
      "font_class": "gou6",
      "unicode": "e647",
      "unicode_decimal": 58951
    },
    {
      "icon_id": "21009419",
      "name": "多选选中勾",
      "font_class": "gou2",
      "unicode": "e643",
      "unicode_decimal": 58947
    },
    {
      "icon_id": "818094",
      "name": "背景空心叉",
      "font_class": "cha4",
      "unicode": "e63c",
      "unicode_decimal": 58940
    },
    {
      "icon_id": "15954389",
      "name": "八叉",
      "font_class": "cha7",
      "unicode": "e63f",
      "unicode_decimal": 58943
    },
    {
      "icon_id": "1108",
      "name": "错误",
      "font_class": "cha8",
      "unicode": "e640",
      "unicode_decimal": 58944
    },
    {
      "icon_id": "2583881",
      "name": "叉叉",
      "font_class": "cha-full",
      "unicode": "e636",
      "unicode_decimal": 58934
    },
    {
      "icon_id": "7159312",
      "name": "叉号",
      "font_class": "cha5",
      "unicode": "e63d",
      "unicode_decimal": 58941
    },
    {
      "icon_id": "7163127",
      "name": "x_错误",
      "font_class": "cha-full3",
      "unicode": "e63b",
      "unicode_decimal": 58939
    },
    {
      "icon_id": "7163159",
      "name": "x_关闭叉",
      "font_class": "cha3",
      "unicode": "e63a",
      "unicode_decimal": 58938
    },
    {
      "icon_id": "8988248",
      "name": "叉叉",
      "font_class": "cha6",
      "unicode": "e63e",
      "unicode_decimal": 58942
    },
    {
      "icon_id": "19680402",
      "name": "叉",
      "font_class": "cha-full2",
      "unicode": "e638",
      "unicode_decimal": 58936
    },
    {
      "icon_id": "19680403",
      "name": "叉",
      "font_class": "cha2",
      "unicode": "e639",
      "unicode_decimal": 58937
    },
    {
      "icon_id": "29657596",
      "name": "叉",
      "font_class": "cha",
      "unicode": "e637",
      "unicode_decimal": 58935
    },
    {
      "icon_id": "7549818",
      "name": "锁",
      "font_class": "lock2",
      "unicode": "e62a",
      "unicode_decimal": 58922
    },
    {
      "icon_id": "7549830",
      "name": "解锁",
      "font_class": "unlock2",
      "unicode": "e62b",
      "unicode_decimal": 58923
    },
    {
      "icon_id": "8474397",
      "name": "unlock",
      "font_class": "unlock",
      "unicode": "e629",
      "unicode_decimal": 58921
    },
    {
      "icon_id": "20009199",
      "name": "lock锁",
      "font_class": "lock",
      "unicode": "e628",
      "unicode_decimal": 58920
    },
    {
      "icon_id": "24356313",
      "name": "开锁",
      "font_class": "unlock3",
      "unicode": "e62d",
      "unicode_decimal": 58925
    },
    {
      "icon_id": "24356336",
      "name": "上锁",
      "font_class": "lock3",
      "unicode": "e62c",
      "unicode_decimal": 58924
    },
    {
      "icon_id": "1130",
      "name": "锁定",
      "font_class": "lock-full",
      "unicode": "e626",
      "unicode_decimal": 58918
    },
    {
      "icon_id": "1334",
      "name": "解锁",
      "font_class": "unlock-full",
      "unicode": "e627",
      "unicode_decimal": 58919
    },
    {
      "icon_id": "7163176",
      "name": "x_解锁",
      "font_class": "unlock4",
      "unicode": "e62f",
      "unicode_decimal": 58927
    },
    {
      "icon_id": "7163219",
      "name": "x_锁定",
      "font_class": "lock4",
      "unicode": "e62e",
      "unicode_decimal": 58926
    },
    {
      "icon_id": "7090082",
      "name": "修改密码",
      "font_class": "editpassword",
      "unicode": "e630",
      "unicode_decimal": 58928
    },
    {
      "icon_id": "7964511",
      "name": "重置密码",
      "font_class": "editpassword3",
      "unicode": "e632",
      "unicode_decimal": 58930
    },
    {
      "icon_id": "11121501",
      "name": "修改密码",
      "font_class": "editpassword2",
      "unicode": "e631",
      "unicode_decimal": 58929
    },
    {
      "icon_id": "408120",
      "name": "修改密码",
      "font_class": "key",
      "unicode": "e624",
      "unicode_decimal": 58916
    },
    {
      "icon_id": "409441",
      "name": "修改密码",
      "font_class": "key-full",
      "unicode": "e625",
      "unicode_decimal": 58917
    },
    {
      "icon_id": "424264",
      "name": "重置密码",
      "font_class": "resetkey",
      "unicode": "e635",
      "unicode_decimal": 58933
    },
    {
      "icon_id": "524408",
      "name": "修改密码",
      "font_class": "editpassword4",
      "unicode": "e633",
      "unicode_decimal": 58931
    },
    {
      "icon_id": "3978025",
      "name": "修改密码",
      "font_class": "editpassword-full",
      "unicode": "e634",
      "unicode_decimal": 58932
    },
    {
      "icon_id": "30296038",
      "name": "下拉-copy",
      "font_class": "shang9",
      "unicode": "e620",
      "unicode_decimal": 58912
    },
    {
      "icon_id": "30296018",
      "name": "下拉-copy",
      "font_class": "zuo",
      "unicode": "e602",
      "unicode_decimal": 58882
    },
    {
      "icon_id": "30296019",
      "name": "下拉-copy",
      "font_class": "zuo9",
      "unicode": "e622",
      "unicode_decimal": 58914
    },
    {
      "icon_id": "30296040",
      "name": "下拉-copy-copy",
      "font_class": "you9",
      "unicode": "e623",
      "unicode_decimal": 58915
    },
    {
      "icon_id": "30296020",
      "name": "下拉-copy",
      "font_class": "zuo2",
      "unicode": "e606",
      "unicode_decimal": 58886
    },
    {
      "icon_id": "30298090",
      "name": "下拉2-copy-copy",
      "font_class": "you4",
      "unicode": "e60f",
      "unicode_decimal": 58895
    },
    {
      "icon_id": "630083",
      "name": "下拉",
      "font_class": "xia",
      "unicode": "e601",
      "unicode_decimal": 58881
    },
    {
      "icon_id": "672036",
      "name": "下拉",
      "font_class": "xia9",
      "unicode": "e621",
      "unicode_decimal": 58913
    },
    {
      "icon_id": "1301379",
      "name": "下拉",
      "font_class": "xia2",
      "unicode": "e605",
      "unicode_decimal": 58885
    },
    {
      "icon_id": "1766336",
      "name": "符号-下拉",
      "font_class": "xia3",
      "unicode": "e609",
      "unicode_decimal": 58889
    },
    {
      "icon_id": "6022670",
      "name": "下拉2",
      "font_class": "xia4",
      "unicode": "e60d",
      "unicode_decimal": 58893
    },
    {
      "icon_id": "6829747",
      "name": "下拉",
      "font_class": "xia5",
      "unicode": "e611",
      "unicode_decimal": 58897
    },
    {
      "icon_id": "7163223",
      "name": "x_下拉",
      "font_class": "xia6",
      "unicode": "e615",
      "unicode_decimal": 58901
    },
    {
      "icon_id": "8694557",
      "name": "下拉",
      "font_class": "xia7",
      "unicode": "e619",
      "unicode_decimal": 58905
    },
    {
      "icon_id": "18028237",
      "name": "下拉2",
      "font_class": "xia8",
      "unicode": "e61d",
      "unicode_decimal": 58909
    },
    {
      "icon_id": "30296058",
      "name": "下拉-copy",
      "font_class": "shang2",
      "unicode": "e604",
      "unicode_decimal": 58884
    },
    {
      "icon_id": "30296059",
      "name": "下拉-copy-copy",
      "font_class": "you2",
      "unicode": "e607",
      "unicode_decimal": 58887
    },
    {
      "icon_id": "30296083",
      "name": "符号-下拉-copy",
      "font_class": "shang3",
      "unicode": "e608",
      "unicode_decimal": 58888
    },
    {
      "icon_id": "30296084",
      "name": "符号-下拉-copy",
      "font_class": "you3",
      "unicode": "e60b",
      "unicode_decimal": 58891
    },
    {
      "icon_id": "30296092",
      "name": "下拉2-copy",
      "font_class": "shang4",
      "unicode": "e60c",
      "unicode_decimal": 58892
    },
    {
      "icon_id": "30296094",
      "name": "下拉-copy",
      "font_class": "shang5",
      "unicode": "e610",
      "unicode_decimal": 58896
    },
    {
      "icon_id": "30296096",
      "name": "下拉-copy",
      "font_class": "you5",
      "unicode": "e613",
      "unicode_decimal": 58899
    },
    {
      "icon_id": "30296101",
      "name": "x_下拉-copy",
      "font_class": "shang6",
      "unicode": "e614",
      "unicode_decimal": 58900
    },
    {
      "icon_id": "30296102",
      "name": "x_下拉-copy-copy",
      "font_class": "you6",
      "unicode": "e617",
      "unicode_decimal": 58903
    },
    {
      "icon_id": "30296021",
      "name": "符号-下拉-copy",
      "font_class": "zuo3",
      "unicode": "e60a",
      "unicode_decimal": 58890
    },
    {
      "icon_id": "30296022",
      "name": "下拉2-copy",
      "font_class": "zuo4",
      "unicode": "e60e",
      "unicode_decimal": 58894
    },
    {
      "icon_id": "30296023",
      "name": "下拉-copy",
      "font_class": "zuo5",
      "unicode": "e612",
      "unicode_decimal": 58898
    },
    {
      "icon_id": "30296105",
      "name": "下拉-copy",
      "font_class": "shang7",
      "unicode": "e618",
      "unicode_decimal": 58904
    },
    {
      "icon_id": "30296106",
      "name": "下拉-copy-copy",
      "font_class": "you7",
      "unicode": "e61b",
      "unicode_decimal": 58907
    },
    {
      "icon_id": "30296024",
      "name": "x_下拉-copy",
      "font_class": "zuo6",
      "unicode": "e616",
      "unicode_decimal": 58902
    },
    {
      "icon_id": "30296112",
      "name": "下拉2-copy-copy",
      "font_class": "shang8",
      "unicode": "e61c",
      "unicode_decimal": 58908
    },
    {
      "icon_id": "30296113",
      "name": "下拉2-copy",
      "font_class": "you8",
      "unicode": "e61f",
      "unicode_decimal": 58911
    },
    {
      "icon_id": "30296029",
      "name": "下拉-copy",
      "font_class": "zuo7",
      "unicode": "e61a",
      "unicode_decimal": 58906
    },
    {
      "icon_id": "30296032",
      "name": "下拉2-copy",
      "font_class": "zuo8",
      "unicode": "e61e",
      "unicode_decimal": 58910
    },
    {
      "icon_id": "30296033",
      "name": "下拉-copy",
      "font_class": "shang",
      "unicode": "e600",
      "unicode_decimal": 58880
    },
    {
      "icon_id": "30296034",
      "name": "下拉-copy-copy",
      "font_class": "you",
      "unicode": "e603",
      "unicode_decimal": 58883
    }
  ]
}
